Doi,OriginalTitle,CitationCount,Hindex
10.1371/JOURNAL.PMED.1001779,UK biobank: an open access resource for identifying the causes of a wide range of complex diseases of middle and old age,3052,64.0
10.1093/IJE/DYS064,Cohort Profile: The ‘Children of the 90s’—the index offspring of the Avon Longitudinal Study of Parents and Children,1723,69.0
10.1093/IJE/DYS066,Cohort Profile: The Avon Longitudinal Study of Parents and Children: ALSPAC mothers cohort,1267,53.0
10.1093/IJE/DYL170,Cohort profile: The Norwegian Mother and Child Cohort Study (MoBa),800,27.0
10.1093/OXFORDJOURNALS.AJE.A010213,A Multiethnic Cohort in Hawaii and Los Angeles: Baseline Characteristics,775,23.0
10.1093/SLEEP/20.12.1077,"The Sleep Heart Health Study: design, rationale, and methods.",751,10.0
10.1093/IJE/DYI183,Cohort profile: 1958 British birth cohort (National Child Development Study),733,44.0
10.1093/IJE/DYP394,Cohort Profile: The Study of Health in Pomerania,726,43.0
10.1093/IJE/DYS168,Cohort Profile: The English Longitudinal Study of Ageing,667,33.0
10.1093/IJE/DYU067,Cohort Profile: the Health and Retirement Study (HRS).,653,26.0
10.1093/IJE/DYS095,"Cohort Profile: The HUNT Study, Norway",648,38.0
10.1093/IJE/DYH372,Cohort Profile: The Whitehall II study,628,17.0
10.1093/IJE/DYS203,Cohort Profile: The China Health and Retirement Longitudinal Study (CHARLS),624,24.0
10.1089/JWH.1997.6.49,The Nurses' Health Study: 20-Year Contribution to the Understanding of Health Among Women,565,12.0
10.1093/IJE/DYM225,Cohort profile: The Cardiovascular Risk in Young Finns Study,562,25.0
10.1093/IJE/DYI098,Cohort Profile: The Australian Longitudinal Study on Women's Health,525,21.0
10.1093/IJE/DYP322,"Cohort Profile: The China Health and Nutrition Survey—monitoring and understanding socio-economic and health change in China, 1989–2011",486,21.0
10.1093/IJE/DYM184,Cohort profile: the 45 and up study.,483,15.0
10.1093/IJE/DYR049,Cohort profile: The Tromsø Study,432,37.0
10.1097/00006250-199404000-00012,The Maine Women's Health Study: I. Outcomes of hysterectomy.,388,15.0
10.1093/IJE/DYQ250,Cohort Profile: Design and methods of the PREDIMED study,384,48.0
10.2215/CJN.00070109,Chronic Renal Insufficiency Cohort (CRIC) Study: Baseline Characteristics and Associations with Kidney Function,378,20.0
10.1093/IJE/DYR054,Cohort Profile: The INMA—INfancia y Medio Ambiente—(Environment and Childhood) Project,378,37.0
10.1186/1475-9276-3-3,"The Oslo Health Study: The impact of self-selection in a large, population-based survey.",377,28.0
10.1093/IJE/DYI201,Cohort Profile: The 1946 National Birth Cohort (MRC National Survey of Health and Development),367,19.0
10.1016/J.JCLINEPI.2015.09.016,Million Veteran Program: A mega-biobank to study genetic influences on health and disease.,339,23.0
10.1093/IJE/DYQ219,Cohort Profile: The Longitudinal Aging Study Amsterdam,339,31.0
10.1093/AJE/KWI322,"The Shanghai Women's Health Study: Rationale, Study Design, and Baseline Characteristics",334,19.0
10.1093/IJE/DYU229,"Cohort Profile: LifeLines, a three-generation cohort study and biobank",327,28.0
10.1093/IJE/DYR197,Cohort Profile: The Lothian Birth Cohorts of 1921 and 1936,311,27.0
10.1093/IJE/DYV316,Cohort Profile: The Korean Genome and Epidemiology Study (KoGES) Consortium,307,15.0
10.1093/IJE/DYM211,Cohort Profile: Africa Centre Demographic Information System (ACDIS) and population-based HIV survey,304,23.0
10.1093/IJE/DYP321,Cohort profile: the Swiss HIV Cohort study,295,30.0
10.1159/000087446,The Rush Memory and Aging Project: study design and baseline characteristics of the study cohort.,290,28.0
10.1038/IJO.2011.30,"The IDEFICS cohort: design, characteristics and participation in the baseline survey.",281,32.0
10.1093/IJE/DYU027,Cohort Profile: Longitudinal Study of Adult Health (ELSA-Brasil),279,21.0
10.1210/JC.2010-1642,Characteristics of adolescents and youth with recent-onset type 2 diabetes: the TODAY cohort at baseline,266,22.0
10.1016/S1081-1206(10)61707-3,Design and baseline characteristics of The Epidemiology and Natural History of Asthma: Outcomes and Treatment Regimens (TENOR) study: a large cohort of patients with severe or difficult-to-treat asthma,264,22.0
10.1093/IJE/DYT125,Cohort Profile: Growing Up in Singapore Towards healthy Outcomes (GUSTO) birth cohort study,264,27.0
10.1093/IJE/DYI202,Cohort profile: The Southampton Women's Survey,262,24.0
10.1093/IJE/DYM126,Cohort Profile: The Dutch Hunger Winter Families Study,262,16.0
10.1093/IJE/DYM016,Cohort Profile: Mandela's children: The 1990 birth to twenty study in South Africa,260,17.0
10.1093/IJE/DYS084,"Cohort Profile: Generation Scotland: Scottish Family Health Study (GS:SFHS). The study, its participants and their potential for genetic research on health and illness",249,15.0
10.3310/HTA8320,The Social Support and Family Health Study: a randomised controlled trial and economic evaluation of two alternative forms of postnatal support for mothers living in disadvantaged inner-city areas,247,8.0
10.1007/S10545-007-0521-2,Fabry disease: baseline medical characteristics of a cohort of 1765 males and females in the Fabry Registry.,240,24.0
10.1007/S10654-007-9152-Z,"The INTERPHONE study: Design, epidemiological methods, and description of the study population",236,29.0
10.2105/AJPH.77.6.685,"The San Francisco Men's Health Study: III. Reduction in human immunodeficiency virus transmission among homosexual/bisexual men, 1982-86",235,28.0
10.1093/IJE/DYR116,Cohort Profile: The Irish Longitudinal Study on Ageing,234,19.0
10.1093/IJE/DYI290,Cohort Profile: The 1982 Pelotas (Brazil) Birth Cohort Study,234,14.0
10.1093/IJE/DYQ231,Cohort Profile: Updating the cohort profile for the MRC National Survey of Health and Development: a new clinic-based data collection for ageing research,232,20.0
10.1093/IJE/DYM273,Cohort profile: The Dutch 'TRacking Adolescents' Individual Lives' survey'; TRAILS,231,24.0
10.1017/S1041610210001067,The Sydney Memory and Ageing Study (MAS): methodology and baseline medical and neuropsychiatric characteristics of an elderly epidemiological non-demented cohort of Australians aged 70-90 years.,223,27.0
10.1093/IJE/DYR199,Cohort Profile: The Health Survey for England,219,23.0
10.1007/S10654-007-9209-Z,The Generation R Study Biobank: a resource for epidemiological studies in children and their parents,213,18.0
10.7326/0003-4819-122-2-199501150-00003,"Unrecognized Myocardial Infarction: Epidemiology, Clinical Characteristics, and the Prognostic Role of Angina Pectoris: The Reykjavik Study",211,9.0
10.1093/IJE/DYI174,Cohort Profile: The Kadoorie Study of Chronic Disease in China (KSCDC),206,6.0
10.1093/IJE/DYI127,Cohort Profile: The Hertfordshire Cohort Study,205,13.0
10.1093/IJE/DYL247,Cohort profile: the GAZEL Cohort Study,203,16.0
10.1093/IJE/DYU008,Cohort Profile: Project Viva,203,27.0
10.1093/IJE/DYR207,Cohort Profile: TwinsUK and Healthy Ageing Twin Study,201,32.0
10.1093/IJE/DYR080,Cohort Profile: The international epidemiological databases to evaluate AIDS (IeDEA) in sub-Saharan Africa,193,24.0
10.1093/IJE/DYM177,Cohort Profile: The 1993 Pelotas (Brazil) Birth Cohort Study,184,11.0
10.1093/IJE/DYM231,Cohort profile: the Centers for AIDS Research Network of Integrated Clinical Systems,183,4.0
10.1093/IJE/DYN041,Cohort Profile: The Health In Men Study (HIMS),183,28.0
10.1093/IJE/DYR025,Cohort Profile: The PATH through life project,181,26.0
10.1191/0961203302LU155OA,Baseline characteristics of a multiethnic lupus cohort: PROFILE,179,9.0
10.1093/IJE/DYQ085,Cohort Profile: The Cebu Longitudinal Health and Nutrition Survey,179,24.0
10.1093/IJE/DYT268,"Cohort Profile: Estonian Biobank of the Estonian Genome Center, University of Tartu",179,24.0
,The Black Women's Health Study: a follow-up study for causes and preventions of illness,178,0.0
10.1093/IJE/DYL223,Cohort profile: The ‘Seguimiento Universidad de Navarra’ (SUN) study,178,8.0
10.1093/IJE/DYP161,Cohort Profile: The Golestan Cohort Study—a prospective study of oesophageal cancer in northern Iran,173,20.0
10.1093/IJE/DYU001,Cohort Profile: UK Millennium Cohort Study (MCS),170,12.0
10.1097/00006250-199404000-00013,"The Maine Women's Health Study: II. Outcomes of nonsurgical management of leiomyomas, abnormal bleeding, and chronic pelvic pain.",169,7.0
10.1093/IJE/DYR148,Cohort Profile: Geelong Osteoporosis Study,168,22.0
10.1093/IJE/DYS068,Cohort Profile: The National Prostate Cancer Register of Sweden and Prostate Cancer data Base Sweden 2.0,168,26.0
,The Add Health Study: Design and Accomplishments,166,11.0
10.1016/J.JBSPIN.2011.01.013,The DESIR cohort: a 10-year follow-up of early inflammatory back pain in France: study design and baseline characteristics of the 708 recruited patients.,166,20.0
10.1093/IJE/DYM165,Cohort Profile: The Adventist Health Study-2 (AHS-2),160,13.0
10.1093/IJE/DYP276,Cohort Profile: Research on Osteoarthritis/Osteoporosis Against Disability study,159,17.0
10.1093/IJE/DYM217,Cohort Profile: Cohort of Norway (CONOR),158,12.0
10.1093/IJE/DYP217,Cohort Profile: The EPIC-NL study,158,19.0
10.1093/IJE/DYQ128,Cohort Profile: The Amsterdam Born Children and their Development (ABCD) Study,157,23.0
10.1093/OXFORDJOURNALS.AJE.A009299,Design and baseline participant characteristics of the Human Immunodeficiency Virus Epidemiology Research (HER) Study: a prospective cohort study of human immunodeficiency virus infection in US women.,155,8.0
10.1016/S1081-1206(10)61398-1,"The Copenhagen Prospective Study on Asthma in Childhood (COPSAC): design, rationale, and baseline data from a longitudinal birth cohort study.",154,7.0
10.1093/IJE/DYM292,Cohort Profile: The Doetinchem Cohort Study,153,22.0
10.1093/IJE/DYL131,"Cohort Profile: The Guangzhou Biobank Cohort Study, a Guangzhou–Hong Kong–Birmingham collaboration",151,11.0
10.1016/J.JBSPIN.2007.06.001,The ESPOIR cohort: a ten-year follow-up of early arthritis in France: methodology and baseline characteristics of the 813 included patients.,148,9.0
10.1093/IJE/DYT018,Cohort Profile: The Berlin Aging Study II (BASE-II),147,20.0
10.1007/BF01299670,"The Swiss HIV Cohort Study: Rationale, organization and selected baseline characteristics",144,5.0
10.1093/IJE/DYN071,Cohort Profile: The Concord Health and Ageing in Men Project (CHAMP),141,15.0
10.1093/IJE/DYV151,Cohort Profile: The EDEN mother-child cohort on the prenatal and early postnatal determinants of child health and development,140,20.0
10.1016/J.MAYOCP.2013.06.006,The Mayo Clinic Biobank: A Building Block for Individualized Medicine,138,13.0
10.2105/AJPH.78.11.1472,The San Francisco Men's Health Study: continued decline in HIV seroconversion rates among homosexual/bisexual men.,136,11.0
10.1093/IJE/DYL286,Cohort Profile: The North American AIDS Cohort Collaboration on Research and Design (NA-ACCORD),136,7.0
10.1093/CID/CIS815,Baseline Characteristics and Mortality Among People in Care for Chronic Viral Hepatitis: The Chronic Hepatitis Cohort Study,135,27.0
10.1136/BMJOPEN-2014-006772,"Cohort profile: LifeLines DEEP, a prospective, general population cohort study in the northern Netherlands: Study design and baseline characteristics",134,20.0
10.1093/IJE/DYS053,Cohort Profile: The Dongfeng-Tongji cohort study of retired workers,134,16.0
10.1093/IJE/DYP402,Cohort Profile: Hlabisa HIV Treatment and Care Programme,131,25.0
10.1186/1742-5573-3-4,The North West Adelaide Health Study: detailed methods and baseline segmentation of a cohort for selected chronic diseases,130,9.0
10.1093/IJE/DYQ130,Cohort Profile: The 2004 Pelotas (Brazil) Birth Cohort Study,129,16.0
10.1375/TWIN.13.3.231,The Netherlands Twin Register biobank: a resource for genetic epidemiological studies.,128,12.0
10.1093/IJE/DYN180,Cohort Profile: The Swiss Inflammatory Bowel Disease Cohort Study (SIBDCS),125,11.0
10.1159/000071189,A Canadian cohort study of cognitive impairment and related dementias (ACCORD): study methods and baseline results.,124,7.0
10.1093/IJE/DYU263,Cohort Profile: The Mexican Health and Aging Study (MHAS),122,10.0
10.1093/IJE/DYN042,Cohort Profile: The Swiss National Cohort—a longitudinal study of 6.8 million people,119,13.0
10.1093/IJE/DYS039,Cohort Profile: The Helsinki Health Study,119,15.0
10.1093/IJE/DYS194,Cohort Profile: Wisconsin longitudinal study (WLS),118,10.0
10.1093/IJE/DYW308,Cohort Profile: The Western Australian Pregnancy Cohort (Raine) Study-Generation 2.,113,8.0
10.1093/IJE/DYS126,Cohort Profile: The Stockholm Public Health Cohort,112,12.0
10.1093/IJE/DYM161,Cohort Profile: The Thai Cohort of 87 134 Open University students,110,11.0
10.1289/EHP.7375,The World Trade Center Residents’ Respiratory Health Study: New-Onset Respiratory Symptoms and Pulmonary Function,108,5.0
10.1093/IJE/DYX239,Cohort Profile: The National FINRISK Study.,108,14.0
10.1093/IJE/DYS082,Cohort Profile: The Young Lives Study,107,12.0
10.1186/1471-2458-5-37,"Epidemiology of leisure-time physical activity in socio-demographic, lifestyle and psychological characteristics of men and women in Greece: the ATTICA Study",107,8.0
10.1111/J.1399-3038.2011.01254.X,"The EuroPrevall birth cohort study on food allergy: baseline characteristics of 12,000 newborns and their families from nine European countries",106,16.0
10.1016/S1474-4422(14)70321-7,Biological and clinical characteristics of the European Friedreich's Ataxia Consortium for Translational Studies (EFACTS) cohort: A cross-sectional analysis of baseline data,106,15.0
10.1093/IJE/DYN192,Cohort Profile: The Danish HIV Cohort Study,105,18.0
10.1093/IJE/DYR206,Cohort Profile: Growing Up in New Zealand,105,11.0
10.1111/1753-0407.12108,Cohort profile: risk evaluation of cancers in Chinese diabetic individuals: a longitudinal (REACTION) study.,105,15.0
10.1093/IJE/DYS231,Cohort profile: The Prevention and Incidence of Asthma and Mite Allergy (PIAMA) birth cohort,104,17.0
10.1093/IJE/DYN262,Cohort Profile: The North West Adelaide Health Study (NWAHS),103,4.0
10.1093/IJE/DYM073,"Cohort Profile: Caribbean, Central and South America Network for HIV research (CCASAnet) collaboration within the International Epidemiologic Databases to Evaluate AIDS (IeDEA) programme",100,5.0
10.1093/IJE/DYN040,Cohort Profile: The Diabetes Study of Northern California (DISTANCE)—objectives and design of a survey follow-up study of social health disparities in a managed care population,99,12.0
10.1093/IJE/DYP343,Cohort Profile: The Hunter Community Study,96,9.0
10.1093/IJE/DYL199,Cohort Profile: The Medical Research Council Cognitive Function and Ageing Study (CFAS),94,1.0
10.1093/IJE/DYQ243,Cohort Profile: ‘Children of 1997’: a Hong Kong Chinese birth cohort,94,12.0
10.1093/IJE/DYU123,Cohort Profile: The Applied Research Group for Kids (TARGet Kids!),94,11.0
10.1016/J.PUHE.2003.10.007,Methods and demographic findings of the baseline survey of the NEDICES cohort: a door-to-door survey of neurological disorders in three communities from Central Spain.,93,4.0
10.1093/IJE/DYU184,Cohort Profile: The French E3N Cohort Study,93,9.0
10.1093/IJE/DYY021,Cohort Profile: The Women's Interagency HIV Study (WIHS).,92,9.0
10.1093/IJE/DYR142,Cohort Profile: The Swiss Childhood Cancer Survivor Study,92,14.0
10.1093/IJE/DYS065,Cohort Profile: The Fremantle Diabetes Study,92,14.0
10.1093/IJE/DYQ071,Cohort Profile: The Hokkaido Study on Environment and Children’s Health in Japan,91,10.0
10.1097/00004703-198806000-00001,The Ontario Child Health Study: social adjustment and mental health of siblings of children with chronic health problems.,88,0.0
10.1186/1745-6215-12-62,The mesenchymal stem cells in multiple sclerosis (MSCIMS) trial protocol and baseline cohort characteristics: an open-label pre-test: post-test study with blinded outcome assessments,87,18.0
10.1159/000073894,Characteristics of the National Institute of Health Stroke Scale: Results from a Population-Based Stroke Cohort at Baseline and after One Year,87,8.0
10.1289/EHP1923,The Sister Study Cohort: Baseline Methods and Participant Characteristics,87,13.0
10.1136/BMJOPEN-2017-017873,"Cohort profile: the Healthy Life in an Urban Setting (HELIUS) study in Amsterdam, The Netherlands",86,10.0
10.1093/IJE/DYW006,Cohort Profile: The Health Outcomes and Measures of the Environment (HOME) study.,85,21.0
10.1093/IJE/DYP155,"Cohort Profile: The Scottish Health Surveys Cohort: linkage of study participants to routinely collected records for mortality, hospital discharge, cancer and offspring birth characteristics in three nationwide studies",85,6.0
10.1093/IJE/DYZ039,Cohort Profile: The Henan Rural Cohort: a prospective study of chronic non-communicable diseases.,84,
10.1053/J.AJKD.2011.05.010,CKD in Hispanics: Baseline Characteristics From the CRIC (Chronic Renal Insufficiency Cohort) and Hispanic-CRIC Studies,83,13.0
10.1093/IJE/DYQ251,Cohort Profile: The Consortium of Health-Orientated Research in Transitioning Societies,83,14.0
10.1016/J.FERTNSTERT.2006.03.037,The Pregnancy in Polycystic Ovary Syndrome study: baseline characteristics of the randomized cohort including racial effects.,82,10.0
10.1007/S10157-010-0328-6,Chronic Kidney Disease Japan Cohort study: baseline characteristics and factors associated with causative diseases and renal function,82,8.0
10.1093/IJE/DYT009,"Cohort Profile: The Health2006 cohort, Research Centre for Prevention and Health",82,17.0
10.1093/IJE/DYR111,Cohort Profile: The Quebec Adipose and Lifestyle Investigation in Youth Cohort,82,16.0
10.1093/IJE/DYL222,Cohort profile: The asia pacific cohort studies collaboration,80,7.0
10.1093/IJE/DYX173,Cohort Profile: The FinnBrain Birth Cohort Study (FinnBrain),80,11.0
10.1093/IJE/DYI300,Cohort Profile: The Metropolit 1953 Danish Male Birth Cohort,80,7.0
10.1111/J.1751-7893.2007.00026.X,The First‐Episode Psychosis Outcome Study: premorbid and baseline characteristics of an epidemiological cohort of 661 first‐episode psychosis patients,78,7.0
10.1093/IJE/DYX085,Cohort Profile: The Melbourne Collaborative Cohort Study (Health 2020),78,11.0
10.1093/IJE/DYN072,"Cohort Profile: The STRIP Study (Special Turku Coronary Risk Factor Intervention Project), an Infancy-onset Dietary and Life-style Intervention Trial",78,13.0
10.1111/J.1742-1241.2008.01917.X,"The IMPROVE™ study – a multinational, observational study in type 2 diabetes: baseline characteristics from eight national cohorts",76,12.0
10.1093/IJE/DYS150,Cohort Profile: Steps to the Healthy Development and Well-being of Children (the STEPS Study),76,9.0
10.1093/IJE/DYN213,Cohort Profile: West of Scotland Twenty-07 Study: Health in the Community,76,14.0
10.1111/J.1463-1326.2006.00677.X,"PREDICTIVE™– a global, prospective observational study to evaluate insulin detemir treatment in types 1 and 2 diabetes: baseline characteristics and predictors of hypoglycaemia from the European cohort",75,15.0
10.1093/IJE/DYV013,Cohort Profile: The Shanghai Men’s Health Study,74,14.0
10.1093/IJE/DYS107,Cohort profile: The QSkin Sun and Health Study,74,5.0
10.1016/J.RMED.2016.03.008,"The German COPD cohort COSYCONET: Aims, methods and descriptive analysis of the study population at baseline",73,14.0
10.1023/B:MEBR.0000027424.86587.74,The South Africa Stress and Health Study: Rationale and Design,72,3.0
10.1093/IJE/DYL299,Cohort Profile: The International Childhood Cancer Cohort Consortium (I4C),72,7.0
10.1093/IJE/DYS004,Cohort Profile: The International Childhood Cardiovascular Cohort (i3C) Consortium,71,16.0
10.1093/IJE/DYM096,Cohort Profile: The Swiss Hepatitis C Cohort Study (SCCS),71,6.0
10.1093/IJE/DYP297,Cohort Profile: The Canadian HIV–Hepatitis C Co-infection Cohort Study,71,4.0
10.1016/S0197-2456(00)00054-4,The estrogen replacement and atherosclerosis (ERA) study: study design and baseline characteristics of the cohort.,70,9.0
10.1093/IJE/DYR107,"Cohort Profile: Residential and non-residential environments, individual activity spaces and cardiovascular risk factors and diseases—The RECORD Cohort Study",70,16.0
10.1186/1477-7517-10-11,"Establishing the Melbourne Injecting Drug User Cohort Study (MIX): rationale, methods, and baseline and twelve-month follow-up results",68,9.0
10.1093/IJE/DYI310,Cohort Profile: The Stockholm birth cohort of 1953,67,2.0
10.1093/IJE/DYU199,Cohort Profile: Sympathetic activity and Ambulatory Blood Pressure in Africans (SABPA) prospective cohort study,66,11.0
10.1093/IJE/DYM171,Cohort Profile: The Pacific Islands Families (PIF) Study,66,7.0
10.1093/IJE/DYW317,Cohort Profile: The transition from childhood to adolescence in European children-how I.Family extends the IDEFICS cohort.,66,8.0
10.1093/IJE/DYM294,Cohort Profile: The Nurses and Midwives e-Cohort Study—A Novel Electronic Longitudinal Study,66,12.0
10.1371/JOURNAL.PONE.0120476,"The ophthalmic branch of the Gutenberg Health Study: study design, cohort profile and self-reported diseases",65,6.0
10.1093/IJE/DYU021,"Cohort profile: The lidA Cohort Study—a German Cohort Study on Work, Age, Health and Work Participation",65,8.0
10.1093/IJE/DYN028,Cohort Profile: The Institute of Nutrition of Central America and Panama (INCAP) Nutrition Trial Cohort Study,65,8.0
10.1093/IJE/DYS029,"Cohort Profile: The Themba Lethu Clinical Cohort, Johannesburg, South Africa",65,13.0
10.1093/IJE/DYP205,Cohort Profile: The China Jintan Child Cohort Study,65,12.0
10.1186/S12933-016-0374-9,Cohort profile: the German Diabetes Study (GDS),63,11.0
10.1093/IJE/DYX219,Cohort Profile: The 2015 Pelotas (Brazil) Birth Cohort Study.,63,11.0
10.1093/IJE/DYU049,Cohort Profile: The Malawi Longitudinal Study of Families and Health (MLSFH),63,10.0
10.1093/IJE/DYN191,Cohort Profile: The Danish Web-based Pregnancy Planning Study—‘Snart-Gravid’,62,5.0
10.1093/IJE/DYI124,Cohort Profile: The Boyd Orr cohort—an historical cohort study based on the 65 year follow-up of the Carnegie Survey of Diet and Health (1937–39),62,11.0
10.1186/1471-2458-14-994,"The Wuhan-Zhuhai (WHZH) cohort study of environmental air particulate matter and the pathogenesis of cardiopulmonary diseases: study design, methods and baseline characteristics of the cohort",61,5.0
10.1093/IJE/DYX190,Cohort Profile: Pregnancy And Childhood Epigenetics (PACE) Consortium,61,15.0
10.1093/IJE/DYV099,Cohort Profile: World Trade Center Health Program General Responder Cohort,61,8.0
10.1093/IJE/DYW357,Cohort Profile: The Karolinska Mammography Project for Risk Prediction of Breast Cancer (KARMA).,61,10.0
10.1186/1471-2369-12-53,Baseline characteristics of patients with chronic kidney disease stage 3 and stage 4 in spain: the MERENA observational cohort study,60,8.0
10.1093/IJE/DYQ192,Cohort Profile: The PharmAccess African (PASER-M) and the TREAT Asia (TASER-M) Monitoring Studies to Evaluate Resistance—HIV drug resistance in sub-Saharan Africa and the Asia-Pacific,60,15.0
10.1093/IJE/DYV026,Cohort Profile: The Barwon Infant Study.,60,11.0
10.1093/IJE/DYT086,Cohort Profile: A prospective cohort study of objective physical and cognitive capability and visual health in an ageing population of men and women in Norfolk (EPIC-Norfolk 3),60,14.0
10.1093/IJE/DYX161,Cohort Profile: NICHD Fetal Growth Studies-Singletons and Twins.,59,10.0
10.1093/IJE/DYM090,Cohort Profile: The Leicester Respiratory Cohorts,59,6.0
10.1093/IJE/DYS131,Cohort Profile: The Cork and Kerry Diabetes and Heart Disease Study,58,15.0
10.1093/OCCMED/KQG088,"The Bristol Stress and Health Study: accidents, minor injuries and cognitive failures at work.",57,2.0
10.1093/IJE/DYT089,Cohort Profile: The Amirkola Health and Ageing Project (AHAP),57,10.0
10.1093/IJE/DYV147,Cohort Profile: The Rotterdam Periconceptional Cohort (Predict Study).,56,9.0
10.1093/IJE/DYP233,Cohort Profile: The Chinese national free antiretroviral treatment cohort,56,10.0
10.1093/IJE/DYX247,Cohort Profile: Health and Ageing in Africa: A Longitudinal Study of an INDEPTH Community in South Africa (HAALSI),56,9.0
10.1093/IJE/DYP173,Cohort Profile: Risk patterns and processes for psychopathology emerging during adolescence: the ROOTS project,56,9.0
10.1136/BMJOPEN-2016-012100,Cohort profile: the Finnish Medication and Alzheimer's disease (MEDALZ) study,56,12.0
10.1093/IJE/DYR090,Cohort Profile: The Corogene study,55,9.0
10.1093/IJE/DYS161,Cohort Profile: Shahroud Eye Cohort Study,55,10.0
10.1093/IJE/DYW363,Cohort Profile: The All Our Babies pregnancy cohort (AOB).,55,11.0
10.1093/IJE/DYS173,Cohort Profile: The Chronic Kidney Disease Prognosis Consortium,55,8.0
10.1093/IJE/DYN276,Cohort profile: The Dynamic Analyses to Optimize Ageing (DYNOPTA) project,54,16.0
10.1093/IJE/DYT128,Cohort Profile: Andhra Pradesh Children and Parents Study (APCAPS),54,8.0
10.1093/IJE/DYS244,Cohort Profile: The Namwon Study and the Dong-gu Study,54,10.0
10.1093/IJE/DYQ239,Cohort Profile: The Bern Infant Lung Development Cohort,53,6.0
10.1093/IJE/DYR042,Cohort Profile: The Danish nurse cohort,53,0.0
10.1093/IJE/DYR230,Cohort Profile: The Ontario HIV Treatment Network Cohort Study (OCS),53,11.0
10.1093/IJE/DYV206,Cohort Profile: The Kiang West Longitudinal Population Study (KWLPS)—a platform for integrated research and health care provision in rural Gambia,52,9.0
10.1093/IJE/DYU002,Cohort Profile: French hospital database on HIV (FHDH-ANRS CO4),52,10.0
10.1093/IJE/DYW056,Cohort Profile: The 10/66 study.,52,8.0
10.1186/S12885-015-1475-7,Cohort Profile: Cholangiocarcinoma Screening and Care Program (CASCAP),52,10.0
10.1093/IJE/DYX260,Cohort Profile: The Swedish Longitudinal Occupational Survey of Health (SLOSH),52,7.0
10.1093/IJE/DYQ118,Cohort Profile: Scottish Health and Ethnicity Linkage Study of 4.65 million people exploring ethnic variations in disease in Scotland,52,12.0
10.1093/IJE/DYT010,Cohort profile: Antiretroviral Therapy Cohort Collaboration (ART-CC),51,13.0
10.1093/IJE/DYR035,Cohort Profile: The 1987 Finnish Birth Cohort,51,8.0
10.1093/IJE/DYU157,Cohort profile: The Cork BASELINE Birth Cohort Study: Babies after SCOPE: Evaluating the Longitudinal Impact on Neurological and Nutritional Endpoints,51,13.0
10.1093/IJE/DYQ015,Cohort profile: the Gateshead Millennium Study.,51,14.0
10.1093/IJE/DYX117,Cohort Profile: The NSPN 2400 Cohort: a developmental sample supporting the Wellcome Trust NeuroScience in Psychiatry Network.,51,11.0
10.1186/S12889-015-2522-7,The Qatar Biobank: background and methods,50,3.0
10.1093/IJE/DYW269,Cohort Profile: The ENVIRonmental influence ON early AGEing (ENVIRONAGE): a birth cohort study.,50,13.0
10.1136/BMJOPEN-2017-018121,"Cohort profile: Study of Transition, Outcomes and Gender (STRONG) to assess health status of transgender people",50,9.0
10.1093/IJE/DYU261,Cohort Profile: The HealthNuts Study: Population prevalence and environmental/genetic predictors of food allergy,50,14.0
10.1093/IJE/DYU092,Cohort Profile: Recruitment cohorts in the neuropsychological substudy of the Multicenter AIDS Cohort Study,50,8.0
10.1177/0333102411410610,"The International Burden of Migraine Study (IBMS): study design, methodology, and baseline cohort characteristics.",49,7.0
10.3233/JPD-130189,Pacific Northwest Udall Center of excellence clinical consortium: study design and baseline cohort characteristics.,49,10.0
10.1093/IJE/DYP216,"Cohort Profile: The German uranium miners cohort study (WISMUT cohort), 1946–2003",49,10.0
10.1093/IJE/DYS167,Cohort Profile: The International Collaboration of Incident HIV and Hepatitis C in Injecting Cohorts (InC3) Study,48,10.0
10.1093/IJE/DYP215,"Cohort profile: Survey of Families, Income and Employment (SoFIE) and Health Extension (SoFIE-health)",48,9.0
10.1093/RHEUMATOLOGY/KET441,The Canadian systemic sclerosis oral health study: orofacial manifestations and oral health-related quality of life in systemic sclerosis compared with the general population,47,7.0
10.1093/IJE/DYI319,Cohort Profile: The Aberdeen Children of the 1950s Study,47,4.0
10.1093/IJE/DYQ218,Cohort Profile: The electricity generating authority of Thailand study,47,8.0
10.1093/IJE/DYM218,"Cohort Profile: The GECKO Drenthe study, overweight programming during early childhood",46,1.0
10.1093/IJE/DYY023,Cohort Profile: The Isle Of Wight Whole Population Birth Cohort (IOWBC).,46,8.0
10.1093/IJE/DYN244,Cohort Profile: The biopsychosocial religion and health study (BRHS),46,5.0
10.1186/1471-2458-13-538,The Gutenberg Health Study: measuring psychosocial factors at work and predicting health and work-related outcomes with the ERI and the COPSOQ questionnaire,45,4.0
10.1186/1471-2458-12-8,"Living with diabetes: rationale, study design and baseline characteristics for an Australian prospective cohort study.",45,7.0
10.1093/IJE/DYV312,Cohort Profile: The PREDICT Cardiovascular Disease Cohort in New Zealand Primary Care (PREDICT-CVD 19),45,7.0
10.1093/IJE/DYT064,Cohort Profile: The Men Androgen Inflammation Lifestyle Environment and Stress (MAILES) Study,45,13.0
10.2188/JEA.JE20100135,"Cohort Profile: The AGES 2003 Cohort Study in Aichi, Japan",45,11.0
10.1093/IJE/DYX084,"Cohort Profile: The Mother-Child Cohort in Crete, Greece (Rhea Study).",45,12.0
10.1093/IJE/DYZ173,Cohort Profile: The Canadian Longitudinal Study on Aging (CLSA).,45,
10.1093/IJE/DYL293,Cohort Profile: The Cambridge City over-75s Cohort (CC75C),45,5.0
10.1093/IJE/DYU070,Cohort Profile: Seek and Treat for the Optimal Prevention of HIV/AIDS in British Columbia (STOP HIV/AIDS BC),45,10.0
10.1093/IJE/DYU135,Cohort Profile: The Nicotine Dependence in Teens (NDIT) Study.,44,9.0
10.1093/IJE/DYW154,Cohort Profile: Prediction and prevention of preeclampsia and intrauterine growth restriction (PREDO) study.,44,9.0
10.1186/1471-2369-14-121,"Cohort profile: Canadian study of prediction of death, dialysis and interim cardiovascular events (CanPREDDICT).",44,8.0
,"The Women Physicians' Health Study: background, objectives, and methods.",42,0.0
10.1186/1471-2377-10-88,"Patient-orientated longitudinal study of multiple sclerosis in south west England (The South West Impact of Multiple Sclerosis Project, SWIMS) 1: protocol and baseline characteristics of cohort",42,4.0
10.1093/IJE/DYW027,Cohort Profile: The Janus Serum Bank Cohort in Norway.,42,9.0
10.1016/S1081-1206(10)60184-6,Baseline characteristics of patients enrolled in EXCELS: a cohort study,41,6.0
10.1159/000108915,"The ICTUS Study: A Prospective longitudinal observational study of 1,380 AD patients in Europe. Study design and baseline characteristics of the cohort.",41,4.0
10.1093/IJE/DYS165,Cohort Profile: The Resilience for Eating and Activity Despite Inequality (READI) study,41,10.0
10.1093/IJE/DYX259,Cohort Profile: The Epidemiology of Chronic Diseases and Multimorbidity. The EpiChron Cohort Study,41,8.0
10.1093/IJE/DYN252,Cohort Profile: the Jerusalem longitudinal cohort study,41,8.0
10.13031/2013.22013,The Upper Midwest Health Study: A Case-Control Study of Primary Intracranial Gliomas in Farm and Rural Residents,40,3.0
10.1089/JWH.2009.1416,A prospective cohort study of modifiable risk factors for gestational diabetes among Hispanic women: design and baseline characteristics,40,6.0
10.1186/S12891-015-0787-8,Characteristics of patients with low back and leg pain seeking treatment in primary care: baseline results from the ATLAS cohort study,40,7.0
10.1093/IJE/DYP358,Cohort Profile: The TREAT Asia Pediatric HIV Observational Database,40,6.0
10.1093/IJE/DYN184,Cohort Profile: The Newcastle Thousand Families 1947 Birth Cohort,40,5.0
10.1093/IJE/DYT003,Cohort Profile: The Promotion of Breastfeeding Intervention Trial (PROBIT),40,7.0
10.1093/IJE/DYP393,Cohort Profile: The Canadian Observational Cohort collaboration,40,6.0
10.1371/JOURNAL.PONE.0184708,Cohort profile: The Canadian HIV Women's Sexual and Reproductive Health Cohort Study (CHIWOS),39,9.0
10.1093/IJE/DYV118,Cohort Profile: The Breast Cancer Prospective Family Study Cohort (ProF-SC),38,7.0
10.1093/IJE/DYW023,Cohort Profile: The Saguenay Youth Study (SYS),38,9.0
10.1093/IJE/DYL279,Cohort Profile: The Florey Adelaide Male Ageing Study (FAMAS),37,8.0
10.1093/IJE/DYR140,Cohort Profile: The Peri/post-natal Epigenetic Twins Study,37,15.0
10.1093/IJE/DYU201,Cohort Profile: The Bissau HIV Cohort-a cohort of HIV-1 HIV-2 and co-infected patients.,37,7.0
10.1093/IJE/DYV149,Cohort Profile: The Copenhagen Aging and Midlife Biobank (CAMB),37,4.0
10.1093/IJE/DYU089,Cohort profile: The Malaysian Cohort (TMC) project: a prospective study of non-communicable diseases in a multi-ethnic population,37,4.0
10.1093/IJE/DYU114,Cohort Profile: The Danish Conscription Database(DCD): A cohort of 728 160 men born from 1939 through 1959,36,5.0
10.1093/IJE/DYQ137,Cohort Profile: The Melbourne Longitudinal Studies on Healthy Ageing Program,36,11.0
10.1093/IJE/DYT098,Cohort Profile: The Motorik-Modul Longitudinal Study: physical fitness and physical activity as determinants of health development in German children and adolescents,35,9.0
10.1093/IJE/DYP165,Cohort profile: mamanengane or the Africa centre vertical transmission study.,35,6.0
10.1093/IJE/DYW091,Cohort Profile: The European Longitudinal Study of Pregnancy and Childhood (ELSPAC) in the Czech Republic,34,5.0
10.1186/1756-0500-5-400,The Saskatchewan rural health study: an application of a population health framework to understand respiratory health outcomes,33,5.0
10.1093/IJE/DYS028,Cohort Profile: The Amsterdam Growth and Health Longitudinal Study,33,8.0
10.1093/IJE/DYV310,Cohort Profile: The Helsinki Businessmen Study (HBS),33,6.0
10.1093/IJE/DYS177,Cohort Profile: The Quebec Longitudinal Study of Kindergarten Children (QLSKC),33,4.0
10.1093/IJE/DYT040,Cohort profile: Understanding socioeconomic inequalities in health and health behaviours : The GLOBE study,33,7.0
10.1093/IJE/DYV088,Cohort Profile: The Inflammatory Bowel Disease South Limburg Cohort (IBDSL),33,9.0
10.1136/BMJOPEN-2016-012240,Cohort profile: prevalence of valvular heart disease in community patients with suspected heart failure in UK.,32,5.0
10.1093/IJE/DYR234,Cohort Profile: The European Male Ageing Study,32,9.0
10.1093/IJE/DYX119,Cohort Profile: The Lymphoma Specialized Program of Research Excellence (SPORE) Molecular Epidemiology Resource (MER) Cohort Study.,32,9.0
10.1093/IJE/DYT057,Cohort Profile: The Japan Diabetes Complications Study: a long-term follow-up of a randomised lifestyle intervention study of type 2 diabetes,32,5.0
10.1093/IJE/DYL042,Cohort Profile: The Mexico City Prospective Study,31,0.0
10.1097/00001648-199603000-00011,The indoor air and children's health study: methods and incidence rates.,30,3.0
10.7205/MILMED.171.3.253,The Neurocognition Deployment Health Study: a prospective cohort study of Army Soldiers.,30,5.0
10.1093/IJE/DYV123,Cohort Profile: The Mexican Teachers' Cohort (MTC).,30,5.0
10.1093/IJE/DYU121,Cohort Profile: The Yorkshire Health Study,30,10.0
10.1093/IJE/DYU196,Cohort Profile: The Australian Longitudinal Study of Ageing (ALSA),30,5.0
10.1097/00004032-200011000-00012,The NIOSH/FAA Working Women’s Health Study: Evaluation of the Cosmic-Radiation Exposures of Flight Attendants,29,4.0
10.1093/IJE/DYM216,Cohort Profile: The Paediatric Antiretroviral Treatment Programmes in Lower-Income Countries (KIDS-ART-LINC) Collaboration,29,9.0
10.1093/IJE/DYV089,Cohort Profile: The Swedish Women’s Lifestyle and Health cohort,29,7.0
10.1093/IJE/DYY014,Cohort Profile: The Singapore Multi-Ethnic Cohort (MEC) study,29,5.0
10.1186/2193-1801-2-300,Cohort profile: mental health following extreme trauma in a northern Ugandan cohort of War-Affected Youth Study (The WAYS Study).,29,8.0
10.1186/1471-2474-10-165,Design and baseline characteristics of a prospective cohort study for determinants of osteoporotic fracture in community-dwelling elderly Japanese men: the Fujiwara-kyo Osteoporosis Risk in Men (FORMEN) Study,28,1.0
10.1093/IJE/DYX140,Cohort Profile: Genetics of Diabetes Audit and Research in Tayside Scotland (GoDARTS),28,7.0
10.1093/IJE/DYV103,"Cohort profile: Te Puawaitanga o Nga Tapuwae Kia Ora Tonu, life and living in advanced age: a cohort study in New Zealand (LiLACS NZ)",28,6.0
10.1093/IJE/DYV318,Cohort Profile: the Cambridge Baby Growth Study (CBGS),28,5.0
10.1093/IJE/DYN159,Cohort Profile: The 1969–73 Vellore birth cohort study in South India,28,4.0
10.1093/IJE/DYW028,Cohort Profile: The Tasmanian Longitudinal Health STUDY (TAHS),27,7.0
10.1093/IJE/DYU177,Cohort Profile: Cohort Hip and Cohort Knee (CHECK) study,27,3.0
10.1136/BMJOPEN-2011-000362,"Cohort profile: Ho Chi Minh City Youth Cohort—changes in diet, physical activity, sedentary behaviour and relationship with overweight/obesity in adolescents",26,6.0
10.1093/IJE/DYV036,Cohort Profile: The Interdisciplinary Study of Inequalities in Smoking (ISIS),26,5.0
10.1093/IJE/DYU179,Cohort Profile: The Social Environment and Biomarkers of Aging Study (SEBAS) in Taiwan,26,9.0
10.1093/IJE/DYV016,Cohort Profile: The Mexican American Mano a Mano Cohort,26,6.0
10.1093/IJE/DYV173,Cohort Profile: The UK Women’s Cohort Study (UKWCS),26,6.0
10.1093/IJE/DYN239,"Cohort Profile: NICHD International Site Development Initiative (NISDI): a prospective, observational study of HIV-exposed and HIV-infected children at clinical sites in Latin American and Caribbean countries",26,6.0
10.1093/IJE/DYX132,Cohort Profile: The Oxford Biobank.,25,8.0
10.1136/BMJOPEN-2017-016606,Cohort profile: The Swedish National Register of Urinary Bladder Cancer (SNRUBC) and the Bladder Cancer Data Base Sweden (BladderBaSe),25,4.0
10.1093/IJE/DYY296,Cohort Profile: Ravansar Non-Communicable Disease cohort study: the first cohort study in a Kurdish population.,25,
10.1093/IJE/DYY044,Cohort Profile: The Haematological Malignancy Research Network (HMRN): a UK population-based patient cohort.,24,7.0
10.1136/BMJOPEN-2016-013351,Cohort profile: the Scottish Research register SHARE. A register of people interested in research participation linked to NHS data sets.,24,5.0
10.1136/BMJOPEN-2017-017006,Cohort profile: the TrueNTH Global Registry - an international registry to monitor and improve localised prostate cancer health outcomes.,24,2.0
10.1093/IJE/DYX033,Corrigendum Cohort Profile: The ENVIRonmental influence ON early AGEing (ENVIRONAGE): a birth cohort study.,24,5.0
10.1093/IJE/DYY074,Cohort Profile: The International Mobility In Aging Study (IMIAS).,24,6.0
10.1093/IJE/DYZ077,Cohort Profile: The Ageing Trajectories of Health - Longitudinal Opportunities and Synergies (ATHLOS) project,24,
10.1093/IJE/DYX124,Cohort Profile: The Atlantic Partnership for Tomorrow's Health (Atlantic PATH) Study.,24,5.0
10.1093/IJE/DYU046,Cohort Profile: HAART Observational Medical Evaluation and Research (HOMER) Cohort,24,6.0
10.1093/IJE/DYT025,Cohort Profile: The Gubbio Population Study,23,6.0
10.1093/IJE/DYS202,Cohort Profile: A population-based cohort to study non-motor symptoms in parkinsonism (EPIPARK),23,7.0
10.1093/IJE/DYQ252,"Cohort Profile: The KPSC Children’s Health Study, a population-based study of 920 000 children and adolescents in southern California",23,7.0
,The First Australian National Trans Mental Health Study: Summary of Results,22,0.0
10.1210/JC.2012-2902,Pathobiology of Prediabetes in a Biracial Cohort (POP-ABC) Study: Baseline Characteristics of Enrolled Subjects,22,3.0
10.1093/IJE/DYY072,Cohort profile: The Pharmacokinetic and clinical Observations in PeoPle over fiftY (POPPY) study.,22,7.0
10.1093/IJE/DYX231,Cohort Profile: The Yazd Health Study (YaHS): a population-based study of adults aged 20-70 years (study design and baseline population data).,22,5.0
10.1093/IJE/DYU128,"Cohort Profile: The Ecuador Life (ECUAVIDA) study in Esmeraldas Province, Ecuador",22,7.0
10.1093/IJE/DYW011,Cohort Profile: Melbourne Atopy Cohort study (MACS),22,3.0
10.1300/J096V04N03_08,The Keokuk County rural health study: methodology and demographics,21,0.0
10.1093/IJE/DYW333,Cohort Profile: The AMORIS cohort.,21,8.0
10.1038/NUTD.2013.42,The family partners for health study: a cluster randomized controlled trial for child and parent weight management,20,5.0
10.1007/S10157-015-1206-Z,Aichi cohort study of the prognosis in patients newly initiated into dialysis (AICOPP): baseline characteristics and trends observed in diabetic nephropathy.,20,5.0
10.1111/JCPE.12263,"The periodontal health component of the Renal Impairment In Secondary Care (RIISC) cohort study: a description of the rationale, methodology and initial baseline results",20,4.0
10.1093/IJE/DYW211,Cohort Profile: Collaboration of Observational HIV Epidemiological Research Europe (COHERE) in EuroCoord,20,7.0
10.1093/IJE/DYW030,Cohort Profile: The ONtario Population Health and Environment Cohort (ONPHEC).,20,6.0
10.1371/JOURNAL.PONE.0122598,"The Harbin Cohort Study on Diet, Nutrition and Chronic Non-communicable Diseases: study design and baseline characteristics.",19,5.0
10.1093/IJE/DYW013,Cohort Profile: The Wenchuan Earthquake Adolescent Health Cohort Study,19,3.0
10.1093/IJE/DYY115,Cohort Profile: The New South Wales Child Development Study (NSW-CDS)-Wave 2 (child age 13 years).,19,5.0
10.1093/IJE/DYX053,"Cohort Profile: The 1895, 1905, 1910 and 1915 Danish Birth Cohort Studies - secular trends in the health and functioning of the very old",19,3.0
10.1136/BMJOPEN-2017-016695,"Cohort profile: design and first results of the Dutch IBD Biobank: a prospective, nationwide biobank of patients with inflammatory bowel disease",19,4.0
10.1093/IJE/DYY189,Cohort Profile: The Finnish Health in Teens (Fin-HIT) study: a population-based study.,19,
10.1016/J.ANNEPIDEM.2011.02.001,The Air Force health study: an epidemiologic retrospective.,18,3.0
10.1136/BMJOPEN-2014-004915,Longitudinal cohort survey of women's smoking behaviour and attitudes in pregnancy: study methods and baseline data,18,6.0
10.1093/IJE/DYV370,Cohort Profile: The Flu Watch Study,18,4.0
10.1093/IJE/DYW057,"Cohort Profile: The Khayelitsha antiretroviral programme, Cape Town, South Africa.",18,6.0
10.1186/S13011-017-0107-4,"Cohort profile: seek, test, treat and retain United States criminal justice cohort.",18,4.0
10.1093/IJE/DYW256,Cohort Profile: Alberta's Tomorrow Project.,18,3.0
10.1093/IJE/DYT065,Cohort Profile: The Study of Respiratory Pathogens in Andean Children,18,10.0
10.1093/IJE/DYX218,Cohort Profile: Building a New Life in Australia (BNLA): the longitudinal study of humanitarian migrants.,18,6.0
10.1093/IJE/DYS175,Cohort Profile: The Caerphilly Health and Social Needs Electronic Cohort Study (E-CATALyST),18,8.0
10.1136/BMJOPEN-2016-013148,Cohort profile: the Finnish Genetics of Pre-eclampsia Consortium (FINNPEC).,18,8.0
10.6061/CLINICS/2013(03)RC02,Design and baseline characteristics of a coronary heart disease prospective cohort: two-year experience from the strategy of registry of acute coronary syndrome study (ERICO study),17,3.0
10.1093/IJE/DYQ167,Cohort Profile: Pathways of risk from conception to disease: the Western Australian schizophrenia high-risk e-Cohort,17,2.0
10.1136/BMJOPEN-2016-015627,"Cohort profile: a data linkage cohort to examine health service profiles of people with intellectual disability in New South Wales, Australia",17,5.0
10.3389/FNEUR.2018.01026,The UK ME/CFS Biobank: A Disease-Specific Biobank for Advancing Clinical Research Into Myalgic Encephalomyelitis/Chronic Fatigue Syndrome.,16,4.0
10.5694/J.1326-5377.1988.TB117834.X,The Western Sydney Health Study: results of the shopping-centre survey.,16,3.0
10.1136/BMJOPEN-2018-021597,Cohort profile: the Geoscience and Health Cohort Consortium (GECCO) in the Netherlands,16,5.0
10.1136/BMJOPEN-2019-030798,Cohort profile: the Australian Longitudinal Study of Adults with Autism (ALSAA).,16,
10.1136/BMJOPEN-2017-018861,"Cohort profile: the Mayo Clinic Cohort Study of Oophorectomy and Aging-2 (MOA-2) in Olmsted County, Minnesota (USA).",16,4.0
10.1093/IJE/DYW152,Cohort Profile: Scottish Diabetes Research Network Type 1 Bioresource Study (SDRNT1BIO).,16,2.0
10.1177/1403494814551858,Cohort profile: Norwegian Epidemiologic Osteoporosis Studies (NOREPOS).,16,5.0
10.4414/SMW.2017.14485,Cohort profile: The Kilombero and Ulanga Antiretroviral Cohort (KIULARCO) - A prospective HIV cohort in rural Tanzania.,16,5.0
10.5334/OJB.47,The Northern Ireland Biobank: A Cancer Focused Repository of Science,15,4.0
10.1089/BIO.2012.0036,The Swedish cervical cytology biobank: sample handling and storage process.,15,3.0
10.1093/IJE/DYX092,"Cohort Profile: The Finnish Mobile Clinic Health Surveys FMC, FMCF and MFS.",15,2.0
10.1093/IJE/DYV192,Cohort Profile: Standardized Management of Antiretroviral Therapy Cohort (MASTER Cohort),15,8.0
10.1093/IJE/DYV350,Cohort Profile: The Birmingham Chronic Obstructive Pulmonary Disease (COPD) Cohort Study.,15,7.0
10.1136/BMJOPEN-2018-025644,Cohort Profile: Perinatal depression and child socioemotional development ; the Bachpan cohort study from rural Pakistan,15,
10.1093/IJE/DYW331,Cohort Profile: The Healthy Aging Longitudinal Study in Taiwan (HALST).,15,4.0
10.1007/S11325-011-0491-3,Cohort profile: the Western Australian Sleep Health Study,15,5.0
10.1093/IJE/DYW362,Cohort Profile: The Hepatitis C Virus (HCV) Research UK Clinical Database and Biobank.,15,3.0
10.1093/IJE/DYW193,Cohort Profile: The Swedish National March Cohort,15,2.0
10.1101/149369,The Healthy Brain Network Biobank: An open resource for transdiagnostic research in pediatric mental health and learning disorders,14,6.0
10.4178/EPIH.E2019025,Health Effects of Underground Workspaces cohort: study design and baseline characteristics,14,
10.1093/AJE/KWY284,"A Pregnancy Cohort to Study Multidimensional Correlates of Preterm Birth in India: Study Design, Implementation, and Baseline Characteristics of the Participants.",14,
10.1093/IJE/DYX227,Cohort Profile: The Hoorn Studies,14,4.0
10.1093/IJE/DYY102,Cohort Profile: The Maternal and Infant Nutrition Interventions in Matlab (MINIMat) cohort in Bangladesh.,14,2.0
10.1136/BMJOPEN-2017-016794,"Cohort profile: maternal lifestyle and diet in relation to pregnancy, postpartum and infant health outcomes in Vietnam: A multicentre prospective cohort study.",14,5.0
10.1093/IJE/DYX240,Cohort Profile: Rationale and design of the fourth visit of the STANISLAS cohort: a familial longitudinal population-based cohort from the Nancy region of France,14,5.0
10.1186/1471-2415-13-51,The Northern Finland Birth Cohort Eye Study: Design and baseline characteristics,13,1.0
10.1186/S12879-017-2332-X,"The PICASSO Cohort: baseline characteristics of a cohort of men who have sex with men and male-to-female transgender women at high risk for syphilis infection in Lima, Peru",13,5.0
10.1136/BMJOPEN-2018-028768,"Cohort profile: l'Actuel Pre-Exposure Prophylaxis (PrEP) Cohort study in Montreal, Canada.",13,
10.1093/IJE/DYU141,Cohort Profile: The Manitoba Follow-up Study (MFUS),13,2.0
10.1093/IJE/DYX050,Cohort Profile: African Collaborative Center for Microbiome and Genomics Research's (ACCME's) Human Papillomavirus (HPV) and Cervical Cancer Study.,13,3.0
10.1093/IJE/DYI125,Cohort Profile: The Boyd Orr lifegrid sub-sample—medical sociology study of life course influences on early old age,13,2.0
10.1093/IJE/DYU084,Cohort Profile: The Japanese Population-based Osteoporosis (JPOS) Cohort Study,13,3.0
10.1093/IJE/DYQ149,Cohort Profile: The Jamaican 1986 Birth Cohort Study,13,1.0
10.5694/MJA16.01282,The Australian Lupus Registry and Biobank: a timely initiative.,12,4.0
10.1186/1476-069X-11-39,The upper midwest health study: a case–control study of pesticide applicators and risk of glioma,12,4.0
10.1136/OEMED-2011-100588,The Upper Midwest Health Study: gliomas and occupational exposure to chlorinated solvents,12,5.0
,"The Measuring Your Health Study: Leveraging Community-Based Cancer Registry Recruitment to Establish a Large, Diverse Cohort of Cancer Survivors for Analyses of Measurement Equivalence and Validity of the Patient Reported Outcomes Measurement Information System® (PROMIS®) Short Form Items",12,5.0
10.1007/S12325-009-0006-9,"Baseline characteristics of the Indian cohort from the IMPROVE™ study: a multinational, observational study of biphasic insulin aspart 30 treatment for type 2 diabetes",12,0.0
10.1186/1471-2407-14-47,"The Nightingale study: rationale, study design and baseline characteristics of a prospective cohort study on shift work and breast cancer risk among nurses",12,5.0
10.2147/PPA.S119825,"The design, rationale, and baseline characteristics of a nationwide cohort registry in China: blood pressure and clinical outcome in TIA or ischemic stroke.",12,3.0
10.1093/IJE/DYV176,Cohort Profile: The 1934–66 Mysore Birth Records Cohort in South India,12,2.0
10.1093/IJE/DYS200,Cohort Profile: The Housing Regeneration and Health Study,12,7.0
10.1093/IJE/DYS035,Cohort Profile: Longitudinal Investigations into Supportive and Ancillary health services,12,2.0
10.1093/IJE/DYU076,Cohort Profile: The Panel Study of Income Dynamics' Child Development Supplement and Transition into Adulthood Study,12,4.0
10.1093/IJE/DYT091,"Cohort Profile: The Limache, Chile, birth cohort study",12,4.0
10.5334/OJB.26,"SDN Biobank: Bioresource of Human Samples Associated with Functional and/or Morphological Bioimaging Results for the Study of Oncological, Cardiological, Neurological, and Metabolic Diseases",11,6.0
,The PFAS health study: systematic literature review,11,3.0
10.1097/MCP.0B013E328312ED61,The Sleep Heart Health Study: a progress report.,11,0.0
10.2337/DC18-0240,Baseline Characteristics of the Vitamin D and Type 2 Diabetes (D2d) Study: A Contemporary Prediabetes Cohort That Will Inform Diabetes Prevention Efforts,11,5.0
10.1093/IJE/DYX226,Cohort Profile: The Korean Cancer Prevention Study-II (KCPS-II) Biobank,11,4.0
10.1093/IJE/DYY046,Cohort Profile: The Pregnancy and Neonatal Diabetes Outcomes in Remote Australia (PANDORA) Study,11,3.0
10.1093/IJE/DYX057,Cohort Profile: The Tracking Opportunities and Problems Study (TOPP)-study of Norwegian children and their parents followed from infancy to early adulthood.,11,5.0
10.1136/BMJOPEN-2019-031514,"Cohort profile: the Biology, Affect, Stress, Imaging and Cognition (BASIC) study on perinatal depression in a population-based Swedish cohort",11,
10.15171/MIDDLE,Cohort Profile: Golestan Hepatitis B Cohort Study-A Prospective Long Term Study in Northern Iran,11,4.0
10.1093/IJE/DYU003,Cohort Profile: The Social Inequality in Cancer (SIC) cohort study,11,0.0
10.1136/BMJOPEN-2016-012643,Cohort profile: Examining Neighbourhood Activities in Built Living Environments in London: the ENABLE London-Olympic Park cohort.,11,3.0
10.1186/S40695-016-0018-Y,Cohort profile: Women's Healthy Ageing Project (WHAP) - a longitudinal prospective study of Australian women since 1990.,11,3.0
10.1136/BMJOPEN-2015-008555,Cohort profile: the Spanish WORKing life Social Security (WORKss) cohort study.,11,2.0
10.1159/000447347,The Sangre Por Salud Biobank: Facilitating Genetic Research in an Underrepresented Latino Community.,10,2.0
10.1002/AJIM.22085,The Upper Midwest Health Study: industry and occupation of glioma cases and controls.,10,2.0
10.1136/BMJOPEN-2018-021805,Cohort Profile: the Predictors of Breast Cancer Recurrence (ProBe CaRE) Premenopausal Breast Cancer Cohort Study in Denmark,10,2.0
10.1093/IJE/DYY250,Cohort Profile: Shahroud Schoolchildren Eye Cohort Study (SSCECS),10,
10.1186/S12981-017-0154-Y,"COHORT PROFILE: The Complications of Long-Term Antiretroviral Therapy study in Uganda (CoLTART), a prospective clinical cohort.",10,4.0
10.1093/IJE/DYS179,Cohort Profile: The Skin Cancer After Organ Transplant Study,10,3.0
10.1093/IJE/DYS170,Cohort Profile: The MUg Observational Cohort,10,4.0
10.1093/IJE/DYV120,Cohort Profile: The Jerusalem Perinatal Family Follow-Up Study,10,2.0
10.1093/IJE/DYY192,"Cohort Profile: The Study of Cognition, Adolescents and Mobile Phones (SCAMP).",10,
10.1136/BMJOPEN-2017-016366,Cohort profile: workers’ compensation in a changing Australian labour market: the return to work (RTW) study,10,2.0
10.1093/IJE/DYW024,Cohort Profile: The VicGeneration (VicGen) study: An Australian oral health birth cohort,10,1.0
10.4178/EPIH.E2018023,Korea HIV/AIDS Cohort Study: study design and baseline characteristics,9,2.0
10.1620/TJEM.240.259,"Study Design and Baseline Characteristics of the EXPAND Study: Evaluation of Effectiveness and Safety of Xa Inhibitor, Rivaroxaban for the Prevention of Stroke and Systemic Embolism in a Nationwide Cohort of Japanese Patients Diagnosed as Non-Valvular Atrial Fibrillation",9,1.0
10.1080/14397595.2017.1349593,Characteristics of functional impairment in patients with long-standing rheumatoid arthritis based on range of motion of joints: Baseline data from a multicenter prospective observational cohort study to evaluate the effectiveness of joint surgery in the treat-to-target era,9,2.0
10.21037/JTD.2017.03.120,Characteristics and provision of care of patients with the acute respiratory distress syndrome: descriptive findings from the DACAPO cohort baseline and comparison with international findings.,9,3.0
10.1136/BMJOPEN-2016-012777,Cohort profile: cerebral palsy in the Norwegian and Danish birth cohorts (MOBAND-CP),9,4.0
10.1093/IJE/DYX126,"Cohort Profile: The Triple B Pregnancy Cohort Study: A longitudinal study of the relationship between alcohol, tobacco and other substance use during pregnancy and the health and well-being of Australian children and families",9,4.0
10.1093/IJE/DYV302,"Cohort Profile: Community-based prospective cohort from the National Cancer Center, Korea",9,1.0
10.1093/IJE/DYV360,Cohort Profile: Nausea and vomiting during pregnancy genetics consortium (NVP Genetics Consortium),9,5.0
10.1093/IJE/DYU181,Cohort Profile: The National Academy of Sciences-National Research Council Twin Registry (NAS-NRC Twin Registry),9,2.0
10.1136/BMJOPEN-2016-014799,Cohort profile: internal migration in sub-Saharan Africa—The Migration and Health in Malawi (MHM) study,9,2.0
10.1093/IJE/DYY099,Cohort Profile: Ifanadiana Health Outcomes and Prosperity longitudinal Evaluation (IHOPE).,9,2.0
10.1093/IJE/DYT001,Cohort Profile: The Likoma Network Study (LNS),9,3.0
10.1016/J.CANEP.2011.02.010,The Western Australian Melanoma Health Study: Study design and participant characteristics,8,0.0
,Assessment of baseline characteristics and risk factors among Emergency Department patients presenting with recent onset atrial fibrillation: a retrospective cohort study.,8,1.0
10.1186/1471-2334-12-135,"Population-based cohort study of outpatients with pneumonia: rationale, design and baseline characteristics",8,4.0
10.1016/J.SJPAIN.2017.04.071,"The association between pain characteristics, pain catastrophizing and health care use : Baseline results from the SWEPAIN cohort",8,3.0
10.1136/BMJOPEN-2017-020572,"Cohort profile: the Italian Network of Longitudinal Metropolitan Studies (IN-LiMeS), a multicentre cohort for socioeconomic inequalities in health monitoring",8,2.0
10.1017/THG.2015.17,Cohort Profile: Swedish Twin Study on Prediction and Prevention of Asthma (STOPPA).,8,1.0
10.1136/BMJOPEN-2017-019250,"Cohort profile: 'Centenari a Trieste' (CaT), a study of the health status of centenarians in a small defined area of Italy.",8,3.0
10.1093/IJE/DYX066,Cohort Profile: The 'Bristol Cats Study' (BCS)-a birth cohort of kittens owned by UK households,8,1.0
10.1186/S13104-017-3047-1,Cohort profile: the Saskatchewan Rural Health Study-adult component.,8,1.0
10.1136/BMJOPEN-2017-019115,"Cohort profile: the Comparative Outcomes And Service Utilization Trends (COAST) Study among people living with and without HIV in British Columbia, Canada.",8,2.0
10.1136/BMJOPEN-2017-016505,Cohort profile: the Nordic Antireflux Surgery Cohort (NordASCo),8,2.0
10.1093/IJE/DYX071,Cohort Profile: The Madagascar Health and Environmental Research (MAHERY) study in north-eastern Madagascar,8,3.0
10.1093/IJE/DYV353,Cohort Profile:a study of influenza immunity in the urban and rural Guangzhou region of China: the Fluscape Study,8,1.0
10.1007/S40865-017-0077-2,"Cohort Profile: the Prison Project—a Study of Criminal Behavior and Life Circumstances Before, During, and After Imprisonment in the Netherlands",8,3.0
10.1093/IJE/DYZ172,Cohort Profile: Panel on Health and Ageing of Singaporean Elderly (PHASE),8,
10.1093/IJE/DYY276,Cohort Profile: The OsteoLaus study.,8,
10.1136/BMJOPEN-2019-031705,Cohort profile: HealthWise Wales. A research register and population health data platform with linkage to National Health Service data sets in Wales,8,
10.1093/IJE/DYY026,Cohort Profile: The PROspective Québec (PROQ) Study on Work and Health.,8,3.0
10.1186/S12889-016-2881-8,The Gutenberg health study: associations between occupational and private stress factors and work-privacy conflict.,7,1.0
10.1016/J.JALZ.2016.04.004,The Predictors study: Development and baseline characteristics of the Predictors 3 cohort,7,1.0
,"Cohort Profile: Residential and non-residential environments, individual activity spaces and cardiovascular risk factors and diseases—The",7,2.0
10.1136/BMJOPEN-2016-012088,"Cohort profile: the Hlabisa pregnancy cohort, KwaZulu-Natal, South Africa",7,2.0
10.1136/BMJOPEN-2019-029960,Cohort profile: The Observational cohort for the study of DOlutegravir in Antiretroviral Combination REgimens (ODOACRE).,7,
10.2188/JEA.JE20120230,"Cohort Profile: The Fangshan Cohort Study of Cardiovascular Epidemiology in Beijing, China",7,1.0
10.1136/BMJOPEN-2018-028500,Cohort profile: Finnish Health and Early Life Microbiota (HELMi) longitudinal birth cohort,7,
10.1093/IJE/DYW291,Cohort Profile: The Australian Aboriginal Birth Cohort (ABC) study.,7,3.0
10.1093/IJE/DYY279,Cohort Profile: The ASPREE Longitudinal Study of Older Persons (ALSOP).,7,
10.3390/JPM5020107,The Da Vinci European BioBank: A Metabolomics-Driven Infrastructure.,6,0.0
10.2196/12065,Effect of In-Utero Antibiotic Exposure on Childhood Outcomes: Methods and Baseline Data of the Fetal Antibiotic EXposure (FAX) Cohort Study,6,
10.1101/426163,"Cohort Profile: East London Genes & Health (ELGH), a community based population genomics and health study of British-Bangladeshi and British-Pakistani people",6,
10.1093/IJE/DYZ056,Cohort Profile: The DynaHEALTH consortium – a European consortium for a life-course bio-psychosocial model of healthy ageing of glucose homeostasis,6,
10.1136/BMJOPEN-2018-026670,Cohort profile: the Prospective Research In Stress-Related Military Operations (PRISMO) study in the Dutch Armed Forces.,6,
10.1093/IJE/DYZ073,"Cohort Profile: Extended Cohort for E-health, Environment and DNA (EXCEED).",6,
10.1136/BMJOPEN-2019-032758,"Cohort profile: the Neonatal Intensive Care Unit Hospital Exposures and Long-Term Health (NICU-HEALTH) cohort, a prospective preterm birth cohort in New York City.",6,
10.1093/IJE/DYR033,Cohort Profile: The TASO-CAN Cohort Collaboration,6,3.0
10.1136/BMJOPEN-2018-023771,Cohort profile: Children in Need Census (CIN) records of children referred for social care support in England.,6,
10.1093/IJE/DYY160,Cohort Profile: The British Columbia Generations Project (BCGP).,6,
10.1101/426163,"Cohort Profile: East London Genes & Health (ELGH), a community based population genomics and health study in people of British-Bangladeshi and -Pakistani heritage.",6,3.0
10.1093/IJE/DYV203,Cohort profile: UK COSMOS – a UK cohort for study of environment and health,6,2.0
10.1093/IJE/DYZ110,Cohort Profile: DOC*X: a nationwide Danish occupational cohort with eXposure data - an open research resource.,6,
10.1080/10807030091124446,The federal government's Agricultural Health Study: A critical review with suggested improvements,5,0.0
10.1046/J.1464-410X.2001.02174.X,The Dutch cohort of sildenafil users: baseline characteristics.,5,1.0
10.1053/J.SEMTCVS.2018.02.004,"The Congenital Heart Surgeon's Society Complete Atrioventricular Septal Defect Cohort: Baseline, Preintervention Echocardiographic Characteristics",5,1.0
10.1016/J.IJCHV.2014.06.008,Regional variations in baseline characteristics of cardiac rhythm device recipients: The PANORAMA observational cohort study.,5,1.0
10.1136/BMJOPEN-2018-023265,Cohort profile: thrombolysis in ischemic stroke patients (trisp): a multicentre research collaboration,5,2.0
10.1093/IJE/DYY152,Cohort Profile: The Cohort of Universities of Minas Gerais (CUME),5,1.0
10.1136/BMJOPEN-2018-022784,"Cohort profile: the Danish Future Occupation of Children and Adolescents cohort (the FOCA cohort): education, work-life, health and living conditions in a life-course perspective.",5,
10.1136/BMJOPEN-2019-031904,"Cohort profile: the MCC-Spain follow-up on colorectal, breast and prostate cancers: study design and initial results",5,
10.1136/BMJOPEN-2018-027947,"Cohort profile: the Jundiaí Zika cohort (JZC), a pregnancy and birth cohort in São Paulo state, Brazil.",5,
10.1093/IJE/DYY078,Cohort profile: The Childhood Asthma Prevention Study (CAPS).,5,2.0
10.1093/IJE/DYW332,Cohort Profile: The INTERGENE Study.,5,0.0
,"Radboud Biobank: a central facility for prospective clinical biobanking in the Radboud university medical center, Nijmegen",4,0.0
10.1371/JOURNAL.PONE.0196900,The South African Rea Phela Health Study: A randomized controlled trial of communication retention strategies.,4,0.0
10.1186/S12913-019-4564-5,Trajectories of Rehabilitation across Complex Environments (TRaCE): design and baseline characteristics for a prospective cohort study on spinal cord injury and acquired brain injury.,4,
10.2196/15320,Characteristics Associated With Facebook Use and Interest in Digital Disease Support Among Older Adults With Atrial Fibrillation: Cross-Sectional Analysis of Baseline Data From the Systematic Assessment of Geriatric Elements in Atrial Fibrillation (SAGE-AF) Cohort,4,
10.1007/S11524-019-00353-5,The Prison and Transition Health (PATH) Cohort Study: Study Protocol and Baseline Characteristics of a Cohort of Men with a History of Injecting Drug Use Leaving Prison in Australia.,4,
10.1136/BMJOPEN-2018-024713,Cross-sectional study of patients with axial spondyloarthritis fulfilling imaging arm of ASAS classification criteria: baseline clinical characteristics and subset differences in a single-centre cohort,4,
10.1159/000486131,Cohort Profile: The Swiss Eosinophilic Esophagitis Cohort Study (SEECS).,4,2.0
10.1136/BMJOPEN-2016-013031,"Cohort profile: the Welsh Geriatric Registrar-Led Research Network (WeGeN): rationale, design and description",4,2.0
10.1093/IJE/DYM272,"Cohort Profile: The Hospital das Clínicas Cohort Study, Belo Horizonte, Minas Gerais, Brazil",4,0.0
10.1136/BMJOPEN-2017-017503,"Cohort profile: the China Ageing REespiratory infections Study (CARES), a prospective cohort study in older adults in Eastern China",4,1.0
10.1136/BMJOPEN-2017-019709,"Cohort profile: China respiratory illness surveillance among pregnant women (CRISP), 2015–2018",4,1.0
10.1093/IJE/DYZ221,Corrigendum to: Cohort Profile: The Canadian Longitudinal Study on Aging (CLSA).,4,
10.1093/IJE/DYW025,Cohort Profile: The Australian Gulf War Veterans' Health Study cohort.,4,0.0
10.25318/82-003-X201901200003-ENG,Cohort profile: The Canadian Census Health and Environment Cohorts (CanCHECs).,4,
10.1093/IJE/DYV121,Cohort Profile: Health Watch-a 30-year prospective cohort study of Australian petroleum industry workers.,4,0.0
10.1093/IJE/DYX148,"Cohort Profile: The Siyakhula Cohort, rural South Africa.",4,2.0
10.5334/OJB.36,"The Radboud Biobank: A Central Facility for Disease-Based Biobanks to Optimise Use and Distribution of Biomaterial for Scientific Research in the Radboud University Medical Center, Nijmegen",3,0.0
10.1186/S40900-017-0055-1,The consultation of rugby players in co-developing a player health study: feasibility and consequences of sports participants as research partners,3,1.0
10.1136/BMJOPEN-2018-023155,Cohort profile: the Swedish Prescribed Drugs and Health Cohort (SPREDH).,3,
10.1136/BMJOPEN-2018-024073,Cohort profile: the Hortega Study for the evaluation of non-traditional risk factors of cardiometabolic and other chronic diseases in a general population from Spain,3,
10.1136/BMJOPEN-2019-030097,Cohort profile: role of lipoproteins in cardiovascular disease-the LipidCardio study.,3,
10.1093/IJE/DYZ059,Cohort Profile: The American Manufacturing Cohort (AMC) study,3,
10.34172/JRHS194885,Cohort profile: Famenin brucellosis cohort study,3,
10.1093/IJE/DYY215,"Cohort Profile: The AZAR cohort, a health-oriented research model in areas of major environmental change in Central Asia",3,
10.1136/BMJOPEN-2018-028105,Cohort profile: Aichi regional sub-cohort of the Japan Environment and Children’s Study (JECS-A),3,
10.1016/J.HLC.2019.08.014,The Baker Biobank: Understanding Cardiovascular Outcomes,2,
10.1002/MPR.1512,"The MATCH cohort study in the Netherlands: rationale, objectives, methods and baseline characteristics of patients with (long‐term) common mental disorders",2,0.0
10.1186/S12882-016-0320-9,The Rivas Cohort Study: design and baseline characteristics of a Nicaraguan cohort,2,0.0
10.1136/BMJOPEN-2017-016905,Cohort profile: a nationwide cohort of Finnish military recruits born in 1958 to study the impact of lifestyle factors in early adulthood on disease outcomes,2,0.0
10.1136/BMJOPEN-2019-033588,"Cohort profile: Mental Health Living Longer: A population-wide data linkage to understand and reduce premature mortality in mental health service users in New South Wales, Australia",2,
,Cohort Profile: The Migration and Health in Malawi (MHM) Study,2,0.0
10.1136/BMJOPEN-2019-032746,Cohort profile: patient characteristics and quality-of-life measurements for newly-referred patients with atrial fibrillation—Keio interhospital Cardiovascular Studies-atrial fibrillation (KiCS-AF),2,
10.1038/S41431-019-0451-0,The Incontinentia Pigmenti Genetic Biobank: study design and cohort profile to facilitate research into a rare disease worldwide,1,
10.1002/HON.2602,The Italian-Canine Cancer Biobank: Our 10-year challenge.,1,
,LUMINOUS: baseline characteristics of the first cohort of patients treated with ranibizumab 0.5 mg in routine clinical practice,1,0.0
10.1097/JOM.0000000000000404,Two industrial cohorts: baseline characteristics and factors associated with obesity.,1,0.0
10.1111/DAR.12859,Understanding an emerging treatment population: Protocol for and baseline characteristics of a prospective cohort of people receiving treatment for pharmaceutical opioid dependence,1,0.0
10.1200/JCO.2016.34.15_SUPPL.5524,Cohort profile: African Collaborative Center for Microbiome and Genomics Research (ACCME) study.,1,0.0
10.1093/IJE/DYY224,"Cohort Profile: TWINS study of environment, lifestyle behaviours and health.",1,
10.1136/BMJOPEN-2019-032966,Cohort profile: the Health of Philippine Emigrants Study (HoPES) to examine the health impacts of international migration from the Philippines to the USA.,1,
10.1101/669150,Cohort profile: The LipidCardio Study - Role of Lipoproteins in Cardiovascular Disease,1,
10.1093/IJE/DYV178,Cohort Profile: Growing Up in Wales: The Environments for Healthy Living study,1,0.0
10.1136/BMJOPEN-2019-029658,Cohort profile: the Danish Work Life Course Cohort study (DaWCo).,1,
10.1093/IJE/DYW071,Cohort Profile: The HIV Atlanta Veterans Affairs Cohort Study (HAVACS).,1,0.0
10.1101/19010231,"Cohort profile: The International epidemiology Databases to Evaluate AIDS (IeDEA) in sub-Saharan Africa, 2012-2019",1,
10.1136/BMJOPEN-2017-020640,Cohort profile: The MULTI sTUdy Diabetes rEsearch (MULTITUDE) consortium.,1,0.0
10.1136/BMJOPEN-2018-021808,Cohort profile: the Coronary Artery disease Risk Determination In Innsbruck by diaGnostic ANgiography (CARDIIGAN) cohort.,1,0.0
